


CREATE TABLE `items` (
  `id` int(11) NOT NULL,
  `name` varchar(20) NOT NULL,
  `price` int(11) NOT NULL,
  `deleted` tinyint(4) NOT NULL DEFAULT '0'
) ENGINE=InnoDB DEFAULT CHARSET=latin1;



INSERT INTO `items` (`id`, `name`, `price`, `deleted`) VALUES
(1, 'Item 1', 25, 1),
(2, 'Item 2', 45, 0),
(3, 'Item 3', 20, 0),
(4, 'Item 4', 15, 1),
(5, 'Item 5', 20, 0);



CREATE TABLE `orders` (
  `id` int(11) NOT NULL,
  `customer_id` int(11) NOT NULL,
  `address` varchar(300) NOT NULL,
  `description` varchar(300) NOT NULL,
  `date` datetime NOT NULL DEFAULT CURRENT_TIMESTAMP,
  `payment_type` varchar(16) NOT NULL DEFAULT 'Wallet',
  `total` int(11) NOT NULL,
  `status` varchar(25) NOT NULL DEFAULT 'Yet to be delivered',
  `deleted` tinyint(4) NOT NULL DEFAULT '0'
) ENGINE=InnoDB DEFAULT CHARSET=latin1;



INSERT INTO `orders` (`id`, `customer_id`, `address`, `description`, `date`, `payment_type`, `total`, `status`, `deleted`) VALUES
(1, 2, 'Address 2', 'Sample Description 1', '2017-03-28 17:32:41', 'Wallet', 150, 'Yet to be delivered', 0),
(2, 2, 'New address 2', '', '2017-03-28 17:43:05', 'Wallet', 130, 'Cancelled by Customer', 1),
(3, 3, 'Address 3', 'Sample Description 2', '2017-03-28 19:49:33', 'Cash On Delivery', 130, 'Yet to be delivered', 0),
(4, 3, 'Address 3', '', '2017-03-28 19:52:01', 'Cash On Delivery', 130, 'Cancelled by Customer', 1),
(5, 3, 'New Address 3', '', '2017-03-28 20:47:28', 'Wallet', 285, 'Paused', 0),
(6, 3, 'New Address 3', '', '2017-03-30 00:43:31', 'Wallet', 325, 'Cancelled by Customer', 1);





CREATE TABLE `order_details` (
  `id` int(11) NOT NULL,
  `order_id` int(11) NOT NULL,
  `item_id` int(11) NOT NULL,
  `quantity` int(11) NOT NULL,
  `price` int(11) NOT NULL
) ENGINE=InnoDB DEFAULT CHARSET=latin1;



INSERT INTO `order_details` (`id`, `order_id`, `item_id`, `quantity`, `price`) VALUES
(1, 1, 2, 2, 90),
(2, 1, 3, 3, 60),
(3, 2, 2, 2, 90),
(4, 2, 3, 2, 40),
(5, 3, 2, 2, 90),
(6, 3, 3, 2, 40),
(7, 4, 2, 2, 90),
(8, 4, 3, 2, 40),
(9, 5, 2, 5, 225),
(10, 5, 3, 2, 40),
(11, 5, 5, 1, 20),
(12, 6, 2, 5, 225),
(13, 6, 3, 3, 60),
(14, 6, 5, 2, 40);





CREATE TABLE `users` (
  `id` int(11) NOT NULL,
  `role` varchar(15) NOT NULL DEFAULT 'Customer',
  `name` varchar(15) NOT NULL,
  `username` varchar(10) NOT NULL,
  `password` varchar(16) NOT NULL,
  `email` varchar(35) NULL,
  `address` varchar(300) NULL,
  `contact` bigint(11) NOT NULL,
  `verified` tinyint(1) NOT NULL DEFAULT '0',
  `deleted` tinyint(4) NOT NULL DEFAULT '0'
) ENGINE=InnoDB DEFAULT CHARSET=latin1;



INSERT INTO `users` (`id`, `role`, `name`, `username`, `password`, `email`, `address`, `contact`, `verified`, `deleted`) VALUES
(1, 'Administrator', 'Admin 1', 'root', 'toor', '', 'Address 1', 9898000000, 1, 0),
(2, 'Customer', 'Customer 1', 'user1', 'pass1', 'mail2@example.com', 'Address 2', 9898000001, 1, 0),
(3, 'Customer', 'Customer 2', 'user2', 'pass2', 'mail3@example.com', 'Address 3', 9898000002, 1, 0),
(4, 'Customer', 'Customer 3', 'user3', 'pass3', '', '', 9898000003, 0, 0),
(5, 'Customer', 'Customer 4', 'user4', 'pass4', '', '', 9898000004, 0, 1);


CREATE TABLE `wallet` (
  `id` int(11) NOT NULL,
  `customer_id` int(11) NOT NULL
) ENGINE=InnoDB DEFAULT CHARSET=latin1;



INSERT INTO `wallet` (`id`, `customer_id`) VALUES
(1, 1),
(2, 2),
(3, 3),
(4, 4),
(5, 5);



CREATE TABLE `wallet_details` (
  `id` int(11) NOT NULL,
  `wallet_id` int(11) NOT NULL,
  `number` varchar(16) NOT NULL,
  `cvv` int(3) NOT NULL,
  `balance` int(11) NOT NULL DEFAULT '2000'
) ENGINE=InnoDB DEFAULT CHARSET=latin1;



INSERT INTO `wallet_details` (`id`, `wallet_id`, `number`, `cvv`, `balance`) VALUES
(1, 1, '6155247490533921', 983, 3430),
(2, 2, '1887587142382050', 772, 1850),
(3, 3, '4595809639046830', 532, 1585),
(4, 4, '5475856443351234', 521, 2000),
(5, 5, '9076633115663264', 229, 2000);


ALTER TABLE `items`
  ADD PRIMARY KEY (`id`),
  ADD UNIQUE KEY `name` (`name`),
  ADD UNIQUE KEY `id` (`id`);


ALTER TABLE `orders`
  ADD PRIMARY KEY (`id`),
  ADD UNIQUE KEY `id` (`id`),
  ADD KEY `customer_id` (`customer_id`);


ALTER TABLE `order_details`
  ADD PRIMARY KEY (`id`),
  ADD UNIQUE KEY `id` (`id`),
  ADD KEY `item_id` (`item_id`),
  ADD KEY `order_id` (`order_id`);






ALTER TABLE `users`
  ADD PRIMARY KEY (`id`),
  ADD UNIQUE KEY `username` (`username`),
  ADD UNIQUE KEY `id` (`id`);


ALTER TABLE `wallet`
  ADD PRIMARY KEY (`id`),
  ADD UNIQUE KEY `customer_id` (`customer_id`),
  ADD UNIQUE KEY `id` (`id`);


ALTER TABLE `wallet_details`
  ADD PRIMARY KEY (`id`),
  ADD UNIQUE KEY `wallet_id` (`wallet_id`),
  ADD UNIQUE KEY `id` (`id`);


ALTER TABLE `items`
  MODIFY `id` int(11) NOT NULL AUTO_INCREMENT, AUTO_INCREMENT=6;

ALTER TABLE `orders`
  MODIFY `id` int(11) NOT NULL AUTO_INCREMENT, AUTO_INCREMENT=7;

ALTER TABLE `order_details`
  MODIFY `id` int(11) NOT NULL AUTO_INCREMENT, AUTO_INCREMENT=15;

ALTER TABLE `users`
  MODIFY `id` int(11) NOT NULL AUTO_INCREMENT, AUTO_INCREMENT=6;

ALTER TABLE `wallet`
  MODIFY `id` int(11) NOT NULL AUTO_INCREMENT, AUTO_INCREMENT=6;

ALTER TABLE `wallet_details`
  MODIFY `id` int(11) NOT NULL AUTO_INCREMENT, AUTO_INCREMENT=6;

ALTER TABLE `orders`
  ADD CONSTRAINT `orders_ibfk_1` FOREIGN KEY (`customer_id`) REFERENCES `users` (`id`);


ALTER TABLE `order_details`
  ADD CONSTRAINT `order_details_ibfk_1` FOREIGN KEY (`item_id`) REFERENCES `items` (`id`),
  ADD CONSTRAINT `order_details_ibfk_2` FOREIGN KEY (`order_id`) REFERENCES `orders` (`id`);




ALTER TABLE `wallet`
  ADD CONSTRAINT `wallet_ibfk_1` FOREIGN KEY (`customer_id`) REFERENCES `users` (`id`);


ALTER TABLE `wallet_details`
  ADD CONSTRAINT `wallet_details_ibfk_1` FOREIGN KEY (`wallet_id`) REFERENCES `wallet` (`id`);
